observation_date,USEPUINDXM,CPIAUCSL,FEDFUNDS,GS10,INDPRO,TB3MS,UMCSENT,UNRATE,VIXCLS
1985-01-01,125.22474,105.7,8.35,11.38,54.6322,7.76,96.0,7.3,18.89305785123967
1985-02-01,99.02081,106.3,8.5,11.51,54.7825,8.27,93.7,7.2,18.89305785123967
1985-03-01,112.19051,106.8,8.58,11.86,54.8653,8.52,93.7,7.2,18.89305785123967
1985-04-01,102.81132,107.0,8.27,11.43,54.7459,7.95,94.6,7.3,18.89305785123967
1985-05-01,120.08272,107.2,7.97,10.85,54.8255,7.48,91.8,7.2,18.89305785123967
1985-06-01,132.71319,107.5,7.53,10.16,54.7989,6.95,96.5,7.4,18.89305785123967
1985-07-01,128.00182,107.7,7.88,10.31,54.5396,7.08,94.0,7.4,18.89305785123967
1985-08-01,126.76611,107.9,7.9,10.33,54.7055,7.14,92.4,7.1,18.89305785123967
1985-09-01,126.76856,108.1,7.92,10.37,54.8906,7.1,92.1,7.1,18.89305785123967
1985-10-01,116.05771,108.5,7.99,10.24,54.7199,7.16,88.4,7.1,18.89305785123967
1985-11-01,122.03688,109.0,8.05,9.78,54.9124,7.24,90.9,7.0,18.89305785123967
1985-12-01,133.24392,109.5,8.27,9.26,55.4412,7.1,93.9,7.0,18.89305785123967
1986-01-01,155.93292,109.9,8.14,9.19,55.7481,7.07,95.6,6.7,18.89305785123967
1986-02-01,159.46768,109.7,7.86,8.7,55.3568,7.06,95.9,7.2,18.89305785123967
1986-03-01,160.1981,109.1,7.48,7.78,54.9625,6.56,95.1,7.2,18.89305785123967
1986-04-01,150.36626,108.7,6.99,7.3,55.0413,6.06,96.2,7.1,18.89305785123967
1986-05-01,132.63792,109.0,6.85,7.71,55.1226,6.15,94.8,7.2,18.89305785123967
1986-06-01,122.51177,109.4,6.92,7.8,54.9005,6.21,99.3,7.2,18.89305785123967
1986-07-01,132.11963,109.5,6.56,7.3,55.2592,5.83,97.7,7.0,18.89305785123967
1986-08-01,127.5525,109.6,6.17,7.17,55.1567,5.53,94.9,6.9,18.89305785123967
1986-09-01,132.01833,110.0,5.89,7.45,55.2975,5.21,91.9,7.0,18.89305785123967
1986-10-01,111.50927,110.2,5.85,7.43,55.5332,5.18,95.6,7.0,18.89305785123967
1986-11-01,115.02029,110.4,6.04,7.25,55.7557,5.35,91.4,6.9,18.89305785123967
1986-12-01,108.96811,110.8,6.91,7.11,56.2845,5.53,89.1,6.6,18.89305785123967
1987-01-01,122.11428,111.4,6.43,7.08,56.0882,5.43,90.4,6.6,18.89305785123967
1987-02-01,109.14523,111.8,6.1,7.25,56.8275,5.59,90.2,6.6,18.89305785123967
1987-03-01,122.08486,112.2,6.13,7.25,56.9098,5.59,90.8,6.6,18.89305785123967
1987-04-01,110.85971,112.7,6.37,8.02,57.2701,5.64,92.8,6.3,18.89305785123967
1987-05-01,110.04291,113.0,6.85,8.61,57.6322,5.66,91.1,6.3,18.89305785123967
1987-06-01,121.15791,113.5,6.73,8.4,57.9307,5.67,91.5,6.2,18.89305785123967
1987-07-01,106.348,113.8,6.58,8.45,58.3258,5.69,93.7,6.1,18.89305785123967
1987-08-01,74.83796,114.3,6.73,8.76,58.7636,6.04,94.4,6.0,18.89305785123967
1987-09-01,78.98139,114.7,7.22,9.42,58.9951,6.4,93.6,5.9,18.89305785123967
1987-10-01,143.60309,115.0,7.29,9.52,59.781,6.13,89.3,6.0,18.89305785123967
1987-11-01,155.42208,115.4,6.69,8.86,60.0726,5.69,83.1,5.8,18.89305785123967
1987-12-01,135.47265,115.6,6.77,8.99,60.4095,5.77,86.8,5.7,18.89305785123967
1988-01-01,131.52146,116.0,6.83,8.67,60.3976,5.81,90.8,5.7,18.89305785123967
1988-02-01,116.58432,116.2,6.58,8.21,60.7003,5.66,91.6,5.7,18.89305785123967
1988-03-01,105.05246,116.5,6.58,8.37,60.8501,5.7,94.6,5.7,18.89305785123967
1988-04-01,113.65598,117.2,6.87,8.72,61.2031,5.91,91.2,5.4,18.89305785123967
1988-05-01,96.14572,117.5,7.09,9.09,61.0797,6.26,94.8,5.6,18.89305785123967
1988-06-01,89.78251,118.0,7.51,8.92,61.2569,6.46,94.7,5.4,18.89305785123967
1988-07-01,85.18198,118.5,7.75,9.06,61.2659,6.73,93.4,5.4,18.89305785123967
1988-08-01,100.15845,119.0,8.01,9.26,61.5731,7.06,97.4,5.6,18.89305785123967
1988-09-01,94.55409,119.5,8.19,8.98,61.3807,7.24,97.3,5.4,18.89305785123967
1988-10-01,102.23078,119.9,8.3,8.8,61.6453,7.35,94.1,5.4,18.89305785123967
1988-11-01,113.95989,120.3,8.35,8.96,61.7944,7.76,93.0,5.3,18.89305785123967
1988-12-01,99.66633,120.7,8.76,9.11,62.0743,8.07,91.9,5.3,18.89305785123967
1989-01-01,105.07536,121.2,9.12,9.09,62.2574,8.27,97.9,5.4,18.89305785123967
1989-02-01,84.84484,121.6,9.36,9.17,61.9819,8.53,95.4,5.2,18.89305785123967
1989-03-01,97.21567,122.2,9.85,9.36,62.1369,8.82,94.3,5.0,18.89305785123967
1989-04-01,108.86306,123.1,9.84,9.18,62.1276,8.65,91.5,5.2,18.89305785123967
1989-05-01,87.81604,123.7,9.81,8.86,61.7744,8.43,90.7,5.2,18.89305785123967
1989-06-01,94.83974,124.1,9.53,8.28,61.7697,8.15,90.6,5.3,18.89305785123967
1989-07-01,84.56992,124.5,9.24,8.02,61.1738,7.88,92.0,5.2,18.89305785123967
1989-08-01,95.86038,124.5,8.99,8.11,61.7732,7.9,89.6,5.2,18.89305785123967
1989-09-01,90.9182,124.8,9.02,8.19,61.5796,7.75,95.8,5.3,18.89305785123967
1989-10-01,91.59669,125.4,8.84,8.01,61.4966,7.64,93.9,5.3,18.89305785123967
1989-11-01,107.84913,125.9,8.55,7.87,61.7044,7.69,90.9,5.4,18.89305785123967
1989-12-01,107.09523,126.3,8.45,7.84,62.0428,7.63,90.5,5.4,18.89305785123967
1990-01-01,100.35918,127.5,8.23,8.21,61.729,7.64,93.0,5.4,18.89305785123967
1990-02-01,89.59095,128.0,8.24,8.47,62.2896,7.74,89.5,5.3,18.89305785123967
1990-03-01,86.06529,128.6,8.28,8.59,62.5999,7.9,91.3,5.2,18.89305785123967
1990-04-01,76.6617,128.9,8.26,8.79,62.4359,7.77,93.9,5.4,18.89305785123967
1990-05-01,118.53795,129.1,8.18,8.76,62.6258,7.74,90.6,5.4,18.89305785123967
1990-06-01,120.52674,129.9,8.29,8.48,62.8382,7.73,88.3,5.2,18.89305785123967
1990-07-01,111.56962,130.5,8.15,8.47,62.7284,7.62,88.2,5.5,18.89305785123967
1990-08-01,142.16524,131.6,8.13,8.75,62.9475,7.45,76.4,5.7,18.89305785123967
1990-09-01,157.69529,132.5,8.2,8.89,62.9523,7.36,72.8,5.9,18.89305785123967
1990-10-01,141.11953,133.4,8.11,8.72,62.5845,7.17,63.9,5.9,18.89305785123967
1990-11-01,145.29094,133.7,7.81,8.39,61.7887,7.06,66.0,6.2,18.89305785123967
1990-12-01,134.48512,134.2,7.31,8.08,61.3352,6.74,65.5,6.3,18.89305785123967
1991-01-01,175.65861,134.7,6.91,8.09,61.1355,6.22,66.8,6.4,18.89305785123967
1991-02-01,115.21345,134.8,6.25,7.85,60.6838,5.94,70.4,6.6,18.89305785123967
1991-03-01,116.02571,134.8,6.12,8.11,60.3346,5.91,87.7,6.8,18.89305785123967
1991-04-01,107.24167,135.1,5.91,8.04,60.4938,5.65,81.8,6.7,18.89305785123967
1991-05-01,94.75868,135.6,5.78,8.07,61.0633,5.46,78.3,6.9,18.89305785123967
1991-06-01,96.9376,136.0,5.9,8.28,61.5581,5.57,82.1,6.9,18.89305785123967
1991-07-01,93.53158,136.2,5.82,8.27,61.7305,5.58,82.9,6.8,18.89305785123967
1991-08-01,100.59554,136.6,5.66,7.9,61.7298,5.33,82.0,6.9,18.89305785123967
1991-09-01,117.04782,137.0,5.45,7.65,62.2195,5.22,83.0,6.9,18.89305785123967
1991-10-01,105.54142,137.2,5.21,7.53,62.1855,4.99,78.3,7.0,18.89305785123967
1991-11-01,122.24914,137.8,4.81,7.42,62.0871,4.56,69.1,7.0,18.89305785123967
1991-12-01,139.99912,138.2,4.43,7.09,61.7852,4.07,68.2,7.3,18.89305785123967
1992-01-01,109.20085,138.3,4.03,7.03,61.4616,3.8,67.5,7.3,18.89305785123967
1992-02-01,125.53676,138.6,4.06,7.34,61.8955,3.84,68.8,7.4,18.89305785123967
1992-03-01,91.70582,139.1,3.98,7.54,62.4232,4.04,76.0,7.4,18.89305785123967
1992-04-01,87.58229,139.4,3.73,7.48,62.897,3.75,77.2,7.4,18.89305785123967
1992-05-01,96.87494,139.7,3.82,7.39,63.104,3.63,79.2,7.6,18.89305785123967
1992-06-01,122.34916,140.1,3.76,7.26,63.1363,3.66,80.4,7.8,18.89305785123967
1992-07-01,120.91493,140.5,3.25,6.84,63.7176,3.21,76.6,7.7,18.89305785123967
1992-08-01,115.90751,140.8,3.3,6.59,63.3613,3.13,76.1,7.6,18.89305785123967
1992-09-01,127.01963,141.1,3.22,6.42,63.5703,2.91,75.6,7.6,18.89305785123967
1992-10-01,138.52178,141.7,3.1,6.59,63.9995,2.86,73.3,7.3,18.89305785123967
1992-11-01,118.77686,142.1,3.09,6.87,64.2422,3.13,85.3,7.4,18.89305785123967
1992-12-01,106.86792,142.3,2.92,6.77,64.3507,3.22,91.0,7.4,18.89305785123967
1993-01-01,102.53033,142.8,3.02,6.6,64.5978,3.0,89.3,7.3,18.89305785123967
1993-02-01,119.96253,143.1,3.03,6.26,64.9089,2.93,86.6,7.1,18.89305785123967
1993-03-01,121.55786,143.3,3.07,5.98,64.8522,2.95,85.9,7.0,18.89305785123967
1993-04-01,109.25684,143.8,2.96,5.97,65.0301,2.87,85.6,7.1,18.89305785123967
1993-05-01,133.58967,144.2,3.0,6.04,64.784,2.96,80.3,7.1,18.89305785123967
1993-06-01,126.04877,144.3,3.04,5.96,64.9301,3.07,81.5,7.0,18.89305785123967
1993-07-01,117.5845,144.5,3.06,5.81,65.1052,3.04,77.0,6.9,18.89305785123967
1993-08-01,106.03237,144.8,3.03,5.68,65.0267,3.02,77.3,6.8,18.89305785123967
1993-09-01,106.27469,145.0,3.09,5.36,65.3717,2.95,77.9,6.7,18.89305785123967
1993-10-01,84.48769,145.6,2.99,5.33,65.8509,3.02,82.7,6.8,18.89305785123967
1993-11-01,84.55661,146.0,3.02,5.72,66.1518,3.1,81.2,6.6,18.89305785123967
1993-12-01,77.52033,146.3,2.96,5.77,66.5436,3.06,88.2,6.5,18.89305785123967
1994-01-01,80.0098,146.3,3.05,5.75,66.7351,2.98,94.3,6.6,18.89305785123967
1994-02-01,94.5927,146.7,3.25,5.97,66.774,3.25,93.2,6.6,18.89305785123967
1994-03-01,87.00632,147.1,3.34,6.48,67.4552,3.5,91.5,6.5,18.89305785123967
1994-04-01,100.41637,147.2,3.56,6.97,67.8541,3.68,92.6,6.4,18.89305785123967
1994-05-01,96.5273,147.5,4.01,7.18,68.1663,4.14,92.8,6.1,18.89305785123967
1994-06-01,92.37979,147.9,4.25,7.1,68.6265,4.14,91.2,6.1,18.89305785123967
1994-07-01,85.37095,148.4,4.26,7.3,68.7178,4.33,89.0,6.1,18.89305785123967
1994-08-01,92.82606,149.0,4.47,7.24,69.1785,4.48,91.7,6.0,18.89305785123967
1994-09-01,90.63002,149.3,4.73,7.46,69.3961,4.62,91.5,5.9,18.89305785123967
1994-10-01,76.49899,149.4,4.76,7.74,69.9544,4.95,92.7,5.8,18.89305785123967
1994-11-01,91.77528,149.8,5.29,7.96,70.4326,5.29,91.6,5.6,18.89305785123967
1994-12-01,91.795,150.1,5.45,7.81,71.1523,5.6,95.1,5.5,18.89305785123967
1995-01-01,107.95494,150.5,5.53,7.78,71.2734,5.71,97.6,5.6,18.89305785123967
1995-02-01,86.32307,150.9,5.92,7.47,71.193,5.77,95.1,5.4,18.89305785123967
1995-03-01,78.09662,151.2,5.98,7.2,71.3113,5.73,90.3,5.4,18.89305785123967
1995-04-01,65.99178,151.8,6.05,7.06,71.1882,5.65,92.5,5.8,18.89305785123967
1995-05-01,74.70236,152.1,6.01,6.63,71.5378,5.67,89.8,5.6,18.89305785123967
1995-06-01,79.67356,152.4,6.0,6.17,71.7749,5.47,92.7,5.6,18.89305785123967
1995-07-01,83.03811,152.6,5.85,6.28,71.4748,5.42,94.4,5.7,18.89305785123967
1995-08-01,66.76376,152.9,5.74,6.49,72.4223,5.4,96.2,5.7,18.89305785123967
1995-09-01,75.22518,153.1,5.8,6.2,72.7144,5.28,88.9,5.6,18.89305785123967
1995-10-01,80.62605,153.5,5.76,6.04,72.5866,5.28,90.2,5.5,18.89305785123967
1995-11-01,90.53283,153.7,5.8,5.93,72.7779,5.36,88.2,5.6,18.89305785123967
1995-12-01,84.34724,153.9,5.6,5.71,73.0305,5.14,91.0,5.6,18.89305785123967
1996-01-01,90.66317,154.7,5.56,5.65,72.6125,5.0,89.3,5.6,18.89305785123967
1996-02-01,75.83463,155.0,5.22,5.81,73.6752,4.83,88.5,5.5,18.89305785123967
1996-03-01,72.65243,155.5,5.31,6.27,73.585,4.96,93.7,5.5,18.89305785123967
1996-04-01,69.19065,156.1,5.22,6.51,74.3172,4.95,92.7,5.6,18.89305785123967
1996-05-01,69.42779,156.4,5.24,6.74,74.8726,5.02,89.4,5.6,18.89305785123967
1996-06-01,81.17971,156.7,5.27,6.91,75.4433,5.09,92.4,5.3,18.89305785123967
1996-07-01,73.61083,157.0,5.4,6.87,75.4549,5.15,94.7,5.5,18.89305785123967
1996-08-01,83.65826,157.2,5.22,6.64,75.8411,5.05,95.3,5.1,18.89305785123967
1996-09-01,77.97562,157.7,5.3,6.83,76.3158,5.09,94.7,5.2,18.89305785123967
1996-10-01,64.19595,158.2,5.24,6.53,76.3384,4.99,96.5,5.2,18.89305785123967
1996-11-01,74.20867,158.7,5.31,6.2,77.0397,5.03,99.2,5.4,18.89305785123967
1996-12-01,69.97417,159.1,5.29,6.3,77.5333,4.91,96.9,5.4,18.89305785123967
1997-01-01,74.96831,159.4,5.25,6.58,77.6562,5.03,97.4,5.3,18.89305785123967
1997-02-01,87.69729,159.7,5.19,6.42,78.5833,5.01,99.7,5.2,18.89305785123967
1997-03-01,75.01231,159.8,5.39,6.69,79.082,5.14,100.0,5.2,18.89305785123967
1997-04-01,75.45429,159.9,5.51,6.89,79.1747,5.16,101.4,5.1,18.89305785123967
1997-05-01,73.45813,159.9,5.5,6.71,79.6133,5.05,103.2,4.9,18.89305785123967
1997-06-01,78.48298,160.2,5.56,6.49,79.9792,4.93,104.5,5.0,18.89305785123967
1997-07-01,73.89487,160.4,5.52,6.22,80.6624,5.05,107.1,4.9,18.89305785123967
1997-08-01,63.80988,160.8,5.54,6.3,81.4694,5.14,104.4,4.8,18.89305785123967
1997-09-01,61.15956,161.2,5.54,6.21,82.2156,4.95,106.0,4.9,18.89305785123967
1997-10-01,83.65215,161.5,5.5,6.03,82.9446,4.97,105.6,4.7,18.89305785123967
1997-11-01,78.39389,161.7,5.52,5.88,83.5978,5.14,107.2,4.6,18.89305785123967
1997-12-01,88.74448,161.8,5.5,5.81,83.9538,5.16,102.1,4.7,18.89305785123967
1998-01-01,91.04062,162.0,5.56,5.54,84.3218,5.04,106.6,4.6,18.89305785123967
1998-02-01,88.81944,162.0,5.51,5.57,84.4583,5.09,110.4,4.6,18.89305785123967
1998-03-01,78.38832,162.0,5.49,5.65,84.488,5.03,106.5,4.7,18.89305785123967
1998-04-01,73.20014,162.2,5.45,5.64,84.7779,4.95,108.7,4.3,18.89305785123967
1998-05-01,75.8551,162.6,5.49,5.65,85.3367,5.0,106.5,4.4,18.89305785123967
1998-06-01,76.28635,162.8,5.56,5.5,84.8248,4.98,105.6,4.5,18.89305785123967
1998-07-01,88.17701,163.2,5.54,5.46,84.4986,4.96,105.2,4.5,18.89305785123967
1998-08-01,101.40807,163.4,5.55,5.34,86.248,4.9,104.4,4.5,18.89305785123967
1998-09-01,123.96147,163.5,5.51,4.81,86.2021,4.61,100.9,4.6,18.89305785123967
1998-10-01,109.88134,163.9,5.07,4.53,86.7914,3.96,97.4,4.5,18.89305785123967
1998-11-01,92.94632,164.1,4.83,4.83,86.7256,4.41,102.7,4.4,18.89305785123967
1998-12-01,91.40618,164.4,4.68,4.65,87.1185,4.39,100.5,4.4,18.89305785123967
1999-01-01,98.64504,164.7,4.63,4.72,87.4949,4.34,103.9,4.3,18.89305785123967
1999-02-01,82.38359,164.7,4.76,5.0,88.027,4.44,108.1,4.4,18.89305785123967
1999-03-01,66.00054,164.8,4.81,5.23,88.2267,4.44,105.7,4.2,18.89305785123967
1999-04-01,67.53295,165.9,4.74,5.18,88.4295,4.29,104.6,4.3,18.89305785123967
1999-05-01,67.08854,166.0,4.74,5.54,88.9886,4.5,106.8,4.2,18.89305785123967
1999-06-01,73.01111,166.0,4.76,5.9,88.9188,4.57,107.3,4.3,18.89305785123967
1999-07-01,79.81311,166.7,4.99,5.79,89.4333,4.55,106.0,4.3,18.89305785123967
1999-08-01,69.55318,167.1,5.07,5.94,89.7924,4.72,104.5,4.2,18.89305785123967
1999-09-01,69.81624,167.8,5.22,5.92,89.4299,4.68,107.2,4.2,18.89305785123967
1999-10-01,62.71155,168.1,5.2,6.11,90.523,4.86,103.2,4.1,18.89305785123967
1999-11-01,82.06383,168.4,5.42,6.03,90.9618,5.07,107.2,4.1,18.89305785123967
1999-12-01,83.80947,168.8,5.3,6.28,91.6634,5.2,105.4,4.0,18.89305785123967
2000-01-01,89.20154,169.3,5.45,6.66,91.538,5.32,112.0,4.0,18.89305785123967
2000-02-01,77.60139,170.0,5.73,6.52,91.8239,5.55,111.3,4.1,18.89305785123967
2000-03-01,77.54831,171.0,5.85,6.26,92.1504,5.69,107.1,4.0,18.89305785123967
2000-04-01,76.05923,170.9,6.02,5.99,92.6989,5.66,109.2,3.8,18.89305785123967
2000-05-01,97.9862,171.2,6.27,6.44,92.9499,5.79,110.7,4.0,18.89305785123967
2000-06-01,92.96502,172.2,6.53,6.1,92.9862,5.69,106.4,4.0,18.89305785123967
2000-07-01,79.44697,172.7,6.54,6.05,92.8048,5.96,108.3,4.0,18.89305785123967
2000-08-01,66.58133,172.7,6.5,5.83,92.5521,6.09,107.3,4.1,18.89305785123967
2000-09-01,75.14165,173.6,6.52,5.8,92.9792,6.0,106.8,3.9,18.89305785123967
2000-10-01,84.66172,173.9,6.51,5.74,92.6179,6.11,105.8,3.9,18.89305785123967
2000-11-01,125.06753,174.2,6.51,5.72,92.6438,6.17,107.6,3.9,18.89305785123967
2000-12-01,115.26872,174.6,6.4,5.24,92.3415,5.77,98.4,3.9,18.89305785123967
2001-01-01,111.41604,175.6,5.98,5.16,91.902,5.15,94.7,4.2,18.89305785123967
2001-02-01,110.91785,176.0,5.49,5.1,91.3034,4.88,90.6,4.2,18.89305785123967
2001-03-01,116.02693,176.1,5.31,4.89,91.1162,4.42,91.5,4.3,18.89305785123967
2001-04-01,122.6734,176.4,4.8,5.14,90.7891,3.87,88.4,4.4,18.89305785123967
2001-05-01,100.42901,177.3,4.21,5.39,90.3555,3.62,92.0,4.3,18.89305785123967
2001-06-01,86.39027,177.7,3.97,5.28,89.8784,3.49,92.6,4.5,18.89305785123967
2001-07-01,102.13185,177.4,3.77,5.24,89.3028,3.51,92.4,4.6,18.89305785123967
2001-08-01,84.28912,177.4,3.65,4.97,89.2003,3.36,91.5,4.9,18.89305785123967
2001-09-01,188.05949,178.1,3.07,4.73,88.7485,2.64,81.8,5.0,18.89305785123967
2001-10-01,173.14334,177.6,2.49,4.57,88.5052,2.16,82.7,5.3,18.89305785123967
2001-11-01,130.57563,177.5,2.09,4.65,87.97,1.87,83.9,5.5,18.89305785123967
2001-12-01,117.23658,177.4,1.82,5.09,87.9324,1.69,88.8,5.7,18.89305785123967
2002-01-01,116.83745,177.7,1.73,5.04,88.5176,1.65,93.0,5.7,18.89305785123967
2002-02-01,87.60069,178.0,1.74,4.91,88.5278,1.72,90.7,5.7,18.89305785123967
2002-03-01,83.44043,178.5,1.73,5.28,89.1686,1.79,95.7,5.7,18.89305785123967
2002-04-01,88.5661,179.3,1.75,5.21,89.604,1.71,93.0,5.9,18.89305785123967
2002-05-01,86.29886,179.5,1.75,5.16,89.964,1.73,96.9,5.8,18.89305785123967
2002-06-01,93.61022,179.6,1.75,4.93,90.7061,1.7,92.4,5.8,18.89305785123967
2002-07-01,110.30517,180.0,1.73,4.65,90.6769,1.68,88.1,5.8,18.89305785123967
2002-08-01,116.01482,180.5,1.74,4.26,90.5762,1.62,87.6,5.7,18.89305785123967
2002-09-01,124.04315,180.8,1.75,3.87,90.6531,1.63,86.1,5.7,18.89305785123967
2002-10-01,111.88598,181.2,1.75,3.94,90.4643,1.58,80.6,5.7,18.89305785123967
2002-11-01,123.28439,181.5,1.34,4.05,90.9711,1.23,84.2,5.9,18.89305785123967
2002-12-01,122.22166,181.8,1.24,4.03,90.4652,1.19,86.7,6.0,18.89305785123967
2003-01-01,138.9534,182.6,1.24,4.05,91.2361,1.17,82.4,5.8,18.89305785123967
2003-02-01,126.72774,183.6,1.26,3.9,91.3445,1.17,79.9,5.9,18.89305785123967
2003-03-01,163.52381,183.9,1.25,3.81,91.1044,1.13,77.6,5.9,18.89305785123967
2003-04-01,135.62755,183.2,1.26,3.96,90.5617,1.13,86.0,6.0,18.89305785123967
2003-05-01,102.61982,182.9,1.26,3.57,90.537,1.07,92.1,6.1,18.89305785123967
2003-06-01,95.82729,183.1,1.22,3.33,90.6527,0.92,89.7,6.3,18.89305785123967
2003-07-01,91.74151,183.7,1.01,3.98,91.1185,0.9,90.9,6.2,18.89305785123967
2003-08-01,95.67182,184.5,1.03,4.45,90.9197,0.95,89.3,6.1,18.89305785123967
2003-09-01,106.11577,185.1,1.01,4.27,91.5059,0.94,87.7,6.1,18.89305785123967
2003-10-01,88.04379,184.9,1.01,4.29,91.6186,0.92,89.6,6.0,18.89305785123967
2003-11-01,84.91824,185.0,1.0,4.3,92.2329,0.93,93.7,5.8,18.89305785123967
2003-12-01,91.73699,185.5,0.98,4.27,92.2602,0.9,92.6,5.7,18.89305785123967
2004-01-01,96.56646,186.3,1.0,4.15,92.4006,0.88,103.8,5.7,18.89305785123967
2004-02-01,99.4573,186.7,1.01,4.08,92.958,0.93,94.4,5.6,18.89305785123967
2004-03-01,96.78947,187.1,1.0,3.83,92.5861,0.94,95.8,5.8,18.89305785123967
2004-04-01,94.11529,187.4,1.0,4.35,92.93,0.94,94.2,5.6,18.89305785123967
2004-05-01,92.32118,188.2,1.0,4.72,93.6013,1.02,90.2,5.6,18.89305785123967
2004-06-01,85.34598,188.9,1.03,4.73,92.871,1.27,95.6,5.6,18.89305785123967
2004-07-01,87.54419,189.1,1.26,4.5,93.5649,1.33,96.7,5.5,18.89305785123967
2004-08-01,85.92587,189.2,1.43,4.28,93.6277,1.48,95.9,5.4,18.89305785123967
2004-09-01,100.01189,189.8,1.61,4.13,93.7467,1.65,94.2,5.4,18.89305785123967
2004-10-01,105.69511,190.8,1.76,4.1,94.5465,1.76,91.7,5.5,18.89305785123967
2004-11-01,95.24086,191.7,1.93,4.19,94.7813,2.07,92.8,5.4,18.89305785123967
2004-12-01,77.59643,191.7,2.16,4.23,95.5365,2.19,97.1,5.4,18.89305785123967
2005-01-01,73.91848,191.6,2.28,4.22,95.8801,2.33,95.5,5.3,18.89305785123967
2005-02-01,58.95005,192.4,2.5,4.17,96.5761,2.54,94.1,5.4,18.89305785123967
2005-03-01,57.55796,193.1,2.63,4.5,96.4456,2.74,92.6,5.2,18.89305785123967
2005-04-01,74.56597,193.7,2.79,4.34,96.6532,2.78,87.7,5.2,18.89305785123967
2005-05-01,70.50812,193.6,3.0,4.14,96.7402,2.84,86.9,5.1,18.89305785123967
2005-06-01,74.56133,193.7,3.04,4.0,97.1753,2.97,96.0,5.0,18.89305785123967
2005-07-01,68.71645,194.9,3.26,4.18,96.8676,3.22,96.5,5.0,18.89305785123967
2005-08-01,64.39586,196.1,3.5,4.26,97.1833,3.44,89.1,4.9,18.89305785123967
2005-09-01,91.40605,198.8,3.62,4.2,95.3005,3.42,76.9,5.0,18.89305785123967
2005-10-01,76.16369,199.1,3.78,4.46,96.4572,3.71,74.2,5.0,18.89305785123967
2005-11-01,72.21598,198.1,4.0,4.54,97.5414,3.88,81.6,5.0,18.89305785123967
2005-12-01,78.04893,198.1,4.16,4.47,98.0452,3.89,91.5,4.9,18.89305785123967
2006-01-01,79.17535,199.3,4.29,4.42,98.1999,4.24,91.2,4.7,18.89305785123967
2006-02-01,72.69299,199.4,4.49,4.57,98.2413,4.43,86.7,4.8,18.89305785123967
2006-03-01,64.22933,199.7,4.59,4.72,98.4628,4.51,88.9,4.7,18.89305785123967
2006-04-01,79.76153,200.7,4.79,4.99,98.7618,4.6,87.4,4.7,18.89305785123967
2006-05-01,70.83626,201.3,4.94,5.11,98.7869,4.72,79.1,4.6,18.89305785123967
2006-06-01,79.49433,201.8,4.99,5.11,99.0997,4.79,84.9,4.6,18.89305785123967
2006-07-01,80.56231,202.9,5.24,5.09,99.0489,4.95,84.7,4.7,18.89305785123967
2006-08-01,72.76996,203.8,5.25,4.88,99.4836,4.96,82.0,4.7,18.89305785123967
2006-09-01,67.06754,202.8,5.25,4.72,99.3183,4.81,85.4,4.5,18.89305785123967
2006-10-01,63.46447,201.9,5.25,4.73,99.2044,4.92,93.6,4.4,18.89305785123967
2006-11-01,62.51985,202.0,5.25,4.6,99.1627,4.94,92.1,4.5,18.89305785123967
2006-12-01,63.37041,203.1,5.24,4.56,100.1735,4.85,91.7,4.4,18.89305785123967
2007-01-01,79.01967,203.437,5.25,4.76,99.8346,4.98,96.9,4.6,18.89305785123967
2007-02-01,57.20262,204.226,5.26,4.72,100.7753,5.03,91.3,4.5,18.89305785123967
2007-03-01,69.88729,205.288,5.26,4.56,100.9547,4.94,88.4,4.4,18.89305785123967
2007-04-01,62.50171,205.904,5.25,4.69,101.6334,4.87,87.1,4.5,18.89305785123967
2007-05-01,74.68187,206.755,5.25,4.75,101.7306,4.73,88.3,4.4,18.89305785123967
2007-06-01,73.29654,207.234,5.25,5.1,101.7893,4.61,85.3,4.6,18.89305785123967
2007-07-01,59.32398,207.603,5.26,5.0,101.6672,4.82,90.4,4.7,18.89305785123967
2007-08-01,89.10405,207.667,5.02,4.67,101.863,4.2,83.4,4.6,18.89305785123967
2007-09-01,100.74438,208.547,4.94,4.52,102.0894,3.89,83.4,4.7,18.89305785123967
2007-10-01,89.45453,209.19,4.76,4.53,101.8015,3.9,80.9,4.7,18.89305785123967
2007-11-01,102.44111,210.834,4.49,4.15,102.3446,3.27,76.1,4.7,18.89305785123967
2007-12-01,108.54379,211.445,4.24,4.1,102.3803,3.0,75.5,5.0,18.89305785123967
2008-01-01,144.98473,212.174,3.94,3.74,102.2448,2.75,78.4,5.0,18.89305785123967
2008-02-01,108.10469,212.687,2.98,3.74,101.8438,2.12,70.8,4.9,18.89305785123967
2008-03-01,111.71236,213.448,2.61,3.51,101.5336,1.26,69.5,5.1,18.89305785123967
2008-04-01,102.1969,213.942,2.28,3.68,100.8785,1.29,62.6,5.0,18.89305785123967
2008-05-01,94.28405,215.208,1.98,3.88,100.2674,1.73,59.8,5.4,18.89305785123967
2008-06-01,94.55676,217.463,2.0,4.1,100.0335,1.86,56.4,5.6,18.89305785123967
2008-07-01,109.78898,219.016,2.01,4.01,99.676,1.63,61.2,5.8,18.89305785123967
2008-08-01,95.87075,218.69,2.0,3.89,98.1111,1.72,63.0,6.1,18.89305785123967
2008-09-01,187.7403,218.877,1.81,3.69,93.7895,1.13,70.3,6.1,18.89305785123967
2008-10-01,189.91729,216.995,0.97,3.81,94.7219,0.67,57.6,6.5,18.89305785123967
2008-11-01,148.84257,213.153,0.39,3.53,93.4715,0.19,55.3,6.8,18.89305785123967
2008-12-01,145.9947,211.398,0.16,2.42,90.8357,0.03,60.1,7.3,18.89305785123967
2009-01-01,171.94621,211.933,0.15,2.52,88.57,0.13,61.2,7.8,18.89305785123967
2009-02-01,187.11403,212.705,0.22,2.87,88.031,0.3,56.3,8.3,18.89305785123967
2009-03-01,166.90338,212.495,0.18,2.82,86.6528,0.21,57.3,8.7,18.89305785123967
2009-04-01,131.85612,212.709,0.15,2.93,85.9344,0.16,65.1,9.0,18.89305785123967
2009-05-01,138.80585,213.022,0.18,3.29,85.0665,0.18,68.7,9.4,18.89305785123967
2009-06-01,130.93348,214.79,0.21,3.72,84.7459,0.18,70.8,9.5,18.89305785123967
2009-07-01,126.28215,214.726,0.16,3.56,85.7027,0.18,66.0,9.5,18.89305785123967
2009-08-01,152.55009,215.445,0.16,3.59,86.6426,0.17,65.7,9.6,18.89305785123967
2009-09-01,145.44437,215.861,0.15,3.4,87.4063,0.12,73.5,9.8,18.89305785123967
2009-10-01,138.13055,216.509,0.12,3.39,87.6419,0.07,70.6,10.0,18.89305785123967
2009-11-01,116.16231,217.234,0.12,3.4,88.0221,0.05,67.4,9.9,18.89305785123967
2009-12-01,121.22101,217.347,0.12,3.59,88.3793,0.05,72.5,9.9,18.89305785123967
2010-01-01,149.35928,217.488,0.11,3.73,89.3426,0.06,74.4,9.8,18.89305785123967
2010-02-01,132.79865,217.281,0.13,3.69,89.6779,0.11,73.6,9.8,18.89305785123967
2010-03-01,137.47003,217.353,0.16,3.73,90.2928,0.15,73.6,9.9,18.89305785123967
2010-04-01,137.0774,217.403,0.2,3.85,90.5991,0.16,72.2,9.9,18.89305785123967
2010-05-01,151.10342,217.29,0.2,3.42,91.823,0.16,73.6,9.6,18.89305785123967
2010-06-01,140.56916,217.199,0.18,3.2,91.9928,0.12,76.0,9.4,18.89305785123967
2010-07-01,180.01446,217.605,0.18,3.01,92.3421,0.16,67.8,9.4,18.89305785123967
2010-08-01,147.30909,217.923,0.19,2.7,92.6805,0.16,68.9,9.5,18.89305785123967
2010-09-01,182.14672,218.275,0.19,2.65,92.9537,0.15,68.2,9.5,18.89305785123967
2010-10-01,163.42489,219.035,0.19,2.54,92.6903,0.13,67.7,9.4,18.89305785123967
2010-11-01,179.13559,219.59,0.19,2.76,92.7709,0.14,71.6,9.8,18.89305785123967
2010-12-01,165.40785,220.472,0.18,3.29,93.6787,0.14,74.5,9.3,18.89305785123967
2011-01-01,142.17046,221.187,0.17,3.39,93.4814,0.15,74.2,9.1,18.89305785123967
2011-02-01,145.5089,221.898,0.16,3.58,93.1102,0.13,77.5,9.0,18.89305785123967
2011-03-01,174.35437,223.046,0.14,3.41,94.0788,0.1,67.5,9.0,18.89305785123967
2011-04-01,157.49588,224.093,0.1,3.46,93.7749,0.06,69.8,9.1,18.89305785123967
2011-05-01,126.19207,224.806,0.09,3.17,93.888,0.04,74.3,9.0,18.89305785123967
2011-06-01,158.08862,224.806,0.09,3.0,94.172,0.04,71.5,9.1,18.89305785123967
2011-07-01,197.91636,225.395,0.07,3.0,94.636,0.04,63.7,9.0,18.89305785123967
2011-08-01,245.12671,226.106,0.1,2.3,95.2749,0.02,55.8,9.0,18.89305785123967
2011-09-01,204.62979,226.597,0.08,1.98,95.1961,0.01,59.5,9.0,18.89305785123967
2011-10-01,159.73957,226.75,0.07,2.15,95.8568,0.02,60.8,8.8,18.89305785123967
2011-11-01,166.33902,227.169,0.08,2.01,95.8485,0.01,63.7,8.6,18.89305785123967
2011-12-01,189.39836,227.223,0.07,1.98,96.3571,0.01,69.9,8.5,18.89305785123967
2012-01-01,178.28653,227.842,0.08,1.97,96.9318,0.03,75.0,8.3,18.89305785123967
2012-02-01,149.63708,228.329,0.1,1.97,97.2435,0.09,75.3,8.3,18.89305785123967
2012-03-01,137.55312,228.807,0.13,2.17,96.74,0.08,76.2,8.2,18.89305785123967
2012-04-01,136.59669,229.187,0.14,2.05,97.4359,0.08,76.4,8.2,18.89305785123967
2012-05-01,158.56198,228.713,0.16,1.8,97.6609,0.09,79.3,8.2,18.89305785123967
2012-06-01,194.61057,228.524,0.16,1.62,97.6663,0.09,73.2,8.2,18.89305785123967
2012-07-01,184.8797,228.59,0.16,1.53,97.8713,0.1,72.3,8.2,18.89305785123967
2012-08-01,152.35347,229.918,0.13,1.68,97.4525,0.1,74.3,8.1,18.89305785123967
2012-09-01,175.27705,231.015,0.14,1.72,97.381,0.11,78.3,7.8,18.89305785123967
2012-10-01,165.94452,231.638,0.16,1.75,97.7193,0.1,82.6,7.8,18.89305785123967
2012-11-01,187.49064,231.249,0.16,1.65,98.0777,0.09,82.7,7.7,18.89305785123967
2012-12-01,192.82518,231.221,0.16,1.72,98.3101,0.07,72.9,7.9,18.89305785123967
2013-01-01,157.5333,231.679,0.14,1.91,98.3342,0.07,73.8,8.0,18.89305785123967
2013-02-01,114.65412,232.937,0.15,1.98,98.7941,0.1,77.6,7.7,18.89305785123967
2013-03-01,124.94082,232.282,0.14,1.96,99.1921,0.09,78.6,7.5,18.89305785123967
2013-04-01,118.71049,231.797,0.15,1.76,99.1065,0.06,76.4,7.6,18.89305785123967
2013-05-01,104.30455,231.893,0.11,1.93,99.1839,0.04,84.5,7.5,18.89305785123967
2013-06-01,114.61614,232.445,0.09,2.3,99.3897,0.05,84.1,7.5,18.89305785123967
2013-07-01,94.03991,232.9,0.09,2.58,99.0814,0.04,85.1,7.3,18.89305785123967
2013-08-01,102.77067,233.456,0.08,2.74,99.6543,0.04,82.1,7.2,18.89305785123967
2013-09-01,144.40178,233.544,0.08,2.81,100.161,0.02,77.5,7.2,18.89305785123967
2013-10-01,171.02225,233.669,0.09,2.62,100.082,0.05,73.2,7.2,18.89305785123967
2013-11-01,89.90614,234.1,0.08,2.72,100.3158,0.07,75.1,6.9,18.89305785123967
2013-12-01,104.60212,234.719,0.09,2.9,100.5175,0.07,82.5,6.7,18.89305785123967
2014-01-01,93.50074,235.288,0.07,2.86,100.1599,0.04,81.2,6.6,18.89305785123967
2014-02-01,88.98535,235.547,0.07,2.71,100.9168,0.05,81.6,6.7,18.89305785123967
2014-03-01,93.46759,236.028,0.08,2.72,101.8942,0.05,80.0,6.7,18.89305785123967
2014-04-01,91.11802,236.468,0.09,2.71,101.9928,0.03,84.1,6.2,18.89305785123967
2014-05-01,90.39225,236.918,0.09,2.56,102.3836,0.03,81.9,6.3,18.89305785123967
2014-06-01,81.00762,237.231,0.1,2.6,102.735,0.04,82.5,6.1,18.89305785123967
2014-07-01,76.64489,237.498,0.09,2.54,102.9632,0.03,81.8,6.2,18.89305785123967
2014-08-01,71.26214,237.46,0.09,2.42,102.7688,0.03,82.5,6.1,18.89305785123967
2014-09-01,84.33692,237.477,0.09,2.53,103.0641,0.02,84.6,5.9,18.89305785123967
2014-10-01,100.20666,237.43,0.09,2.3,103.0764,0.02,86.9,5.7,18.89305785123967
2014-11-01,88.56003,236.983,0.09,2.33,103.7126,0.02,88.8,5.8,18.89305785123967
2014-12-01,85.1875,236.252,0.12,2.21,103.7044,0.03,93.6,5.6,18.89305785123967
2015-01-01,117.16063,234.747,0.11,1.88,102.8905,0.03,98.1,5.7,18.89305785123967
2015-02-01,100.31974,235.342,0.11,1.98,102.2335,0.02,95.4,5.5,18.89305785123967
2015-03-01,105.21813,235.976,0.11,2.04,101.8914,0.03,93.0,5.4,18.89305785123967
2015-04-01,109.64379,236.222,0.12,1.94,101.3355,0.02,95.9,5.4,18.89305785123967
2015-05-01,101.01894,237.001,0.12,2.2,100.8883,0.02,90.7,5.6,18.89305785123967
2015-06-01,108.95279,237.657,0.13,2.36,100.571,0.02,96.1,5.3,18.89305785123967
2015-07-01,98.91843,238.034,0.13,2.32,101.2228,0.03,93.1,5.2,18.89305785123967
2015-08-01,129.69532,238.033,0.14,2.17,101.0367,0.07,91.9,5.1,18.89305785123967
2015-09-01,138.72169,237.498,0.14,2.17,100.7547,0.02,87.2,5.0,18.89305785123967
2015-10-01,102.89402,237.733,0.12,2.07,100.2675,0.02,90.0,5.0,18.89305785123967
2015-11-01,92.10044,238.017,0.12,2.26,99.5298,0.12,91.3,5.1,18.89305785123967
2015-12-01,99.34261,237.761,0.24,2.24,99.0417,0.23,92.6,5.0,18.89305785123967
2016-01-01,119.01519,237.652,0.34,2.09,99.5607,0.26,92.0,4.8,18.89305785123967
2016-02-01,114.62456,237.336,0.38,1.78,99.0445,0.31,91.7,4.9,18.89305785123967
2016-03-01,104.19081,238.08,0.36,1.89,98.3096,0.29,91.0,5.0,18.89305785123967
2016-04-01,84.25134,238.992,0.37,1.81,98.6421,0.23,89.0,5.1,18.89305785123967
2016-05-01,82.04127,239.557,0.37,1.81,98.4184,0.27,94.7,4.8,18.89305785123967
2016-06-01,162.62912,240.222,0.38,1.64,98.8833,0.27,93.5,4.9,18.89305785123967
2016-07-01,121.96465,240.101,0.39,1.5,98.9992,0.3,90.0,4.8,18.89305785123967
2016-08-01,91.8289,240.545,0.4,1.56,98.85,0.3,89.8,4.9,18.89305785123967
2016-09-01,79.80896,241.176,0.4,1.63,98.7457,0.29,91.2,5.0,18.89305785123967
2016-10-01,92.51785,241.741,0.4,1.76,98.7611,0.33,87.2,4.9,18.89305785123967
2016-11-01,169.37782,242.026,0.41,2.14,98.3491,0.45,93.8,4.7,18.89305785123967
2016-12-01,115.15205,242.637,0.54,2.49,99.0214,0.51,98.2,4.7,18.89305785123967
2017-01-01,134.86953,243.618,0.65,2.43,98.7611,0.51,98.5,4.7,18.89305785123967
2017-02-01,133.33148,244.006,0.66,2.42,98.3646,0.52,96.3,4.6,18.89305785123967
2017-03-01,119.77617,243.892,0.79,2.48,99.0137,0.74,96.9,4.4,18.89305785123967
2017-04-01,121.57059,244.193,0.9,2.3,100.0224,0.8,97.0,4.4,18.89305785123967
2017-05-01,104.17097,244.004,0.91,2.3,100.1408,0.89,97.1,4.4,18.89305785123967
2017-06-01,98.75896,244.163,1.04,2.19,100.3471,0.98,95.0,4.3,18.89305785123967
2017-07-01,110.7536,244.243,1.15,2.32,100.1068,1.07,93.4,4.3,18.89305785123967
2017-08-01,109.17827,245.183,1.16,2.21,99.6925,1.01,96.8,4.4,18.89305785123967
2017-09-01,96.75077,246.435,1.15,2.2,99.7954,1.03,95.1,4.3,18.89305785123967
2017-10-01,102.16057,246.626,1.15,2.36,101.0247,1.07,100.7,4.2,18.89305785123967
2017-11-01,94.48961,247.284,1.16,2.35,101.2664,1.23,98.5,4.2,18.89305785123967
2017-12-01,111.49723,247.805,1.3,2.4,101.4644,1.32,95.9,4.1,18.89305785123967
2018-01-01,123.65156,248.859,1.41,2.58,101.4625,1.41,95.7,4.0,18.89305785123967
2018-02-01,94.00742,249.529,1.42,2.86,101.7085,1.57,99.7,4.1,18.89305785123967
2018-03-01,136.33432,249.577,1.51,2.84,102.2067,1.7,101.4,4.0,18.89305785123967
2018-04-01,108.21374,250.227,1.69,2.87,103.3329,1.76,98.8,4.0,18.89305785123967
2018-05-01,124.93665,250.792,1.7,2.98,102.4024,1.86,98.0,3.8,18.89305785123967
2018-06-01,108.6274,251.018,1.82,2.91,103.198,1.9,98.2,4.0,18.89305785123967
2018-07-01,133.08625,251.214,1.91,2.89,103.3646,1.96,97.9,3.8,18.89305785123967
2018-08-01,99.13562,251.663,1.91,2.89,104.0327,2.03,96.2,3.8,18.89305785123967
2018-09-01,102.6602,252.182,1.95,3.0,104.1004,2.13,100.1,3.7,18.89305785123967
2018-10-01,111.51257,252.772,2.19,3.15,103.9856,2.25,98.6,3.8,18.89305785123967
2018-11-01,130.22387,252.594,2.2,3.12,104.0681,2.33,97.5,3.8,18.89305785123967
2018-12-01,166.28681,252.767,2.27,2.83,104.0936,2.37,98.3,3.9,18.89305785123967
2019-01-01,201.03201,252.561,2.4,2.71,103.4021,2.37,91.2,4.0,18.89305785123967
2019-02-01,106.90066,253.319,2.4,2.68,102.8371,2.39,93.8,3.8,18.89305785123967
2019-03-01,140.24737,254.277,2.41,2.57,102.8757,2.4,98.4,3.8,18.89305785123967
2019-04-01,98.7367,255.233,2.42,2.53,102.274,2.38,97.2,3.7,18.89305785123967
2019-05-01,122.53876,255.296,2.39,2.4,102.392,2.35,100.0,3.6,18.89305785123967
2019-06-01,150.11678,255.213,2.38,2.07,102.4375,2.17,98.2,3.6,18.89305785123967
2019-07-01,149.9729,255.802,2.4,2.06,101.9408,2.1,98.4,3.7,18.89305785123967
2019-08-01,190.46323,256.036,2.13,1.63,102.639,1.95,89.8,3.6,18.89305785123967
2019-09-01,134.36178,256.43,2.04,1.7,102.2917,1.89,93.2,3.5,18.89305785123967
2019-10-01,118.48822,257.155,1.83,1.71,101.4281,1.65,95.5,3.6,18.89305785123967
2019-11-01,131.75071,257.879,1.55,1.81,101.9372,1.54,96.8,3.6,18.89305785123967
2019-12-01,143.46725,258.63,1.55,1.86,101.7003,1.54,99.3,3.6,18.89305785123967
2020-01-01,131.39109,259.127,1.55,1.76,101.0338,1.52,99.8,3.6,18.89305785123967
2020-02-01,160.51565,259.25,1.58,1.5,101.3735,1.52,101.0,3.5,18.89305785123967
2020-03-01,283.14721,258.076,0.65,0.87,97.4078,0.29,89.1,4.4,18.89305785123967
2020-04-01,268.61639,256.032,0.05,0.66,84.5619,0.14,71.8,14.8,18.89305785123967
2020-05-01,350.45982,255.802,0.05,0.67,85.9604,0.13,72.3,13.2,18.89305785123967
2020-06-01,231.2598,257.042,0.08,0.73,91.5934,0.16,78.1,11.0,18.89305785123967
2020-07-01,305.96355,258.352,0.09,0.62,95.0256,0.13,72.5,10.2,18.89305785123967
2020-08-01,224.42637,259.316,0.1,0.65,95.9549,0.1,74.1,8.4,18.89305785123967
2020-09-01,218.05829,259.997,0.09,0.68,95.9669,0.11,80.4,7.8,18.89305785123967
2020-10-01,249.17362,260.319,0.09,0.79,96.7394,0.1,81.8,6.9,18.89305785123967
2020-11-01,246.7071,260.911,0.09,0.87,97.0816,0.09,76.9,6.7,18.89305785123967
2020-12-01,246.1261,262.045,0.09,0.93,98.363,0.09,80.7,6.7,18.89305785123967
2021-01-01,207.91242,262.687,0.09,1.08,98.8822,0.08,79.0,6.4,18.89305785123967
2021-02-01,151.93288,263.579,0.08,1.26,95.6149,0.04,76.8,6.2,18.89305785123967
2021-03-01,139.8012,264.961,0.07,1.61,98.3856,0.03,84.9,6.1,18.89305785123967
2021-04-01,124.88952,266.614,0.07,1.64,98.5587,0.02,88.3,6.1,18.89305785123967
2021-05-01,147.01584,268.383,0.06,1.62,99.4333,0.02,82.9,5.8,18.89305785123967
2021-06-01,133.57887,270.654,0.08,1.52,99.7987,0.04,85.5,5.9,15.83
2021-07-01,152.91092,271.903,0.1,1.32,100.2519,0.05,81.2,5.4,18.24
2021-08-01,133.81455,272.676,0.09,1.28,100.0437,0.05,70.3,5.1,16.48
2021-09-01,142.06763,273.91,0.08,1.37,98.8579,0.04,72.8,4.7,23.14
2021-10-01,121.9515,276.55,0.08,1.58,100.1861,0.05,71.7,4.5,16.26
2021-11-01,151.28684,278.919,0.08,1.56,100.8654,0.05,67.4,4.1,27.19
2021-12-01,166.24265,280.845,0.08,1.47,100.5726,0.06,70.6,3.9,17.22
2022-01-01,139.23758,282.543,0.08,1.76,100.1856,0.15,67.2,4.0,24.83
2022-02-01,138.05353,284.5,0.08,1.93,100.8064,0.33,62.8,3.9,30.15
2022-03-01,190.01241,287.674,0.2,2.13,101.3907,0.44,59.4,3.7,20.56
2022-04-01,154.66196,288.561,0.33,2.75,101.44,0.76,65.2,3.7,33.4
2022-05-01,168.00083,291.298,0.77,2.9,101.3335,0.98,58.4,3.6,26.19
2022-06-01,145.97594,294.957,1.21,3.14,101.018,1.49,50.0,3.6,28.71
2022-07-01,186.92141,294.913,1.68,2.9,101.223,2.23,51.5,3.5,21.33
2022-08-01,163.23982,295.097,2.33,2.9,101.0963,2.63,58.2,3.6,25.87
2022-09-01,174.18347,296.349,2.56,3.52,101.2918,3.13,58.6,3.5,31.62
2022-10-01,177.42313,298.007,3.08,3.98,101.2529,3.72,59.9,3.6,25.88
2022-11-01,171.73726,298.786,3.78,3.89,100.9552,4.15,56.7,3.6,20.58
2022-12-01,136.43315,298.832,4.1,3.62,99.7664,4.25,59.8,3.5,21.67
2023-01-01,139.12464,300.42,4.33,3.53,100.505,4.54,64.9,3.5,19.4
2023-02-01,120.13662,301.45,4.57,3.75,100.6416,4.65,66.9,3.6,20.7
2023-03-01,147.9425,301.821,4.65,3.66,101.0205,4.69,62.0,3.5,18.7
2023-04-01,127.42137,302.845,4.83,3.46,101.253,4.92,63.7,3.4,15.78
2023-05-01,156.19287,303.334,5.06,3.57,100.9286,5.14,59.0,3.6,17.94
2023-06-01,141.05706,304.014,5.08,3.75,100.1196,5.16,64.2,3.6,13.59
2023-07-01,113.79255,304.609,5.12,3.9,100.9067,5.25,71.5,3.5,13.63
2023-08-01,84.49314,306.082,5.33,4.17,100.8393,5.3,69.4,3.7,13.57
2023-09-01,108.39746,307.276,5.33,4.38,101.0211,5.32,67.8,3.7,17.52
2023-10-01,117.69793,307.696,5.33,4.8,100.4689,5.34,63.8,3.9,18.14
2023-11-01,125.4752,308.148,5.33,4.5,100.8639,5.27,61.3,3.7,12.92
2023-12-01,105.77133,308.741,5.33,4.02,100.6031,5.24,69.7,3.8,12.45
2024-01-01,121.96395,309.698,5.33,4.06,99.2223,5.22,79.0,3.7,14.35
2024-02-01,87.23672,310.967,5.33,4.21,100.285,5.24,76.9,3.9,13.4
2024-03-01,93.20401,312.345,5.33,4.21,100.4575,5.24,79.4,3.9,13.01
2024-04-01,106.48626,313.023,5.33,4.54,100.2434,5.24,77.2,3.9,15.65
2024-05-01,103.8162,313.175,5.33,4.48,100.863,5.25,69.1,3.9,12.92
2024-06-01,115.8524,313.044,5.33,4.31,100.894,5.24,68.2,4.1,12.44
2024-07-01,116.29613,313.569,5.33,4.25,99.9757,5.2,66.4,4.2,16.36
2024-08-01,112.31229,314.062,5.33,3.87,100.4309,5.05,67.9,4.2,15.0
2024-09-01,105.89523,314.732,5.13,3.72,99.8084,4.72,70.1,4.1,16.73
2024-10-01,95.29997,315.631,4.83,4.1,99.4695,4.51,70.5,4.1,23.16
2024-11-01,160.52062,316.528,4.64,4.36,99.2925,4.42,71.8,4.2,13.51
2024-12-01,156.89088,317.604,4.48,4.39,100.3273,4.27,74.0,4.1,17.35
2025-01-01,167.38864,318.961,4.33,4.63,100.0647,4.21,71.7,4.0,16.43
2025-02-01,228.61916,319.679,4.33,4.45,101.0993,4.22,64.7,4.2,19.63
2025-03-01,297.08402,319.785,4.33,4.28,101.0404,4.2,57.0,4.2,22.28
2025-04-01,460.11432,320.302,4.33,4.28,101.1279,4.21,52.2,4.2,24.7
2025-05-01,364.0518,320.62,4.33,4.42,100.9655,4.25,52.2,4.3,18.57
2025-06-01,253.81813,321.435,4.33,4.38,101.4785,4.23,60.7,4.1,16.73
2025-07-01,251.757,322.169,4.33,4.39,101.894,4.25,61.7,4.3,16.72
2025-08-01,254.12744,323.291,4.33,4.26,101.6247,4.12,58.2,4.3,15.36
2025-09-01,224.23756,324.245,4.22,4.12,101.668,3.92,55.1,4.4,16.28
2025-10-01,217.50845,324.245,4.09,4.06,101.2195,3.82,53.6,4.4,17.44
2025-11-01,218.76603,325.063,3.88,4.09,101.0344,3.78,51.0,4.5,16.35
2025-12-01,205.27646,326.031,3.72,4.14,101.5203,3.59,52.9,4.4,14.95
2026-01-01,265.51325,326.588,3.64,4.21,101.4737,3.57,56.4,4.3,17.44
2026-02-01,263.31012,327.46,3.64,4.13,102.1009,3.6,56.6,4.4,19.86
2026-03-01,263.58205,330.293,3.64,4.25,101.806,3.61,53.3,4.3,25.25
2026-04-01,218.38129,332.407,3.64,4.32,102.4963,3.61,49.8,4.3,16.89
2026-05-01,228.67851,332.407,3.63,4.48,102.4963,3.6,49.8,4.3,15.32
